runrfm.py,INFO,20230210122722-79,RFM ANALYSIS STARTED,2023-02-10 12:27:22
runrfm.py,INFO,20230210122722-6410,GET RFM DATA,2023-02-10 12:27:22
runrfm.py,INFO,20230210122938-3038,PLOT RFM,2023-02-10 12:29:38
runrfm.py,INFO,20230210122941-7640,RFM DATA ANALYZING,2023-02-10 12:29:41
runrfm.py,INFO,20230210122943-3980,UPLOAD RFM DATA TO MARIADB,2023-02-10 12:29:43
runrfm.py,INFO,20230210122944-6520,GET RFM DATA,2023-02-10 12:29:44
runrfm.py,INFO,20230210123156-6278,PLOT RFM,2023-02-10 12:31:56
runrfm.py,INFO,20230210123158-7050,RFM DATA ANALYZING,2023-02-10 12:31:58
runrfm.py,INFO,20230210123201-4843,UPLOAD RFM DATA TO MARIADB,2023-02-10 12:32:01
runrfm.py,INFO,20230210123201-1904,GET RFM DATA,2023-02-10 12:32:01
runrfm.py,INFO,20230210123348-2331,PLOT RFM,2023-02-10 12:33:48
runrfm.py,INFO,20230210123351-4248,RFM DATA ANALYZING,2023-02-10 12:33:51
runrfm.py,INFO,20230210123353-5127,UPLOAD RFM DATA TO MARIADB,2023-02-10 12:33:53
runrfm.py,INFO,20230210123353-5690,GET RFM DATA,2023-02-10 12:33:53
runrfm.py,INFO,20230210123533-2935,PLOT RFM,2023-02-10 12:35:33
runrfm.py,INFO,20230210123535-2337,RFM DATA ANALYZING,2023-02-10 12:35:35
runrfm.py,INFO,20230210123537-4423,UPLOAD RFM DATA TO MARIADB,2023-02-10 12:35:37
runrfm.py,INFO,20230210123537-1532,RFM ANALYSIS FINISHED,2023-02-10 12:35:37
