log_id,log_type,event_no,event_name,mall_id,trace_id,requested_time,request_endpoint,event_shop_no,member_id,success,response_http_code,response_body
x_FhuYYBonVb0d_pXTFE,G,90146,휴면해제,instinctus1,8e1df93b-f75c-4344-b83a-aadec2d80e18,23-03-07 09:03:30,https://cheremimaka.com/,1,christ3033,T,,
0e5TuYYBonVb0d_pqOJU,G,90146,휴면해제,instinctus1,bc66e3bc-f585-4abb-b144-7f79b6334df6,23-03-07 08:48:32,https://cheremimaka.com/,1,igchoi1203,T,,
sWxBuYYB_9fFJ2LuEyaB,G,90146,휴면해제,instinctus1,2da93c5c-30df-4203-8ed6-bbf8dedba461,23-03-07 08:28:14,https://cheremimaka.com/,1,1753308944@k,T,,
8E2zt4YB_9fFJ2LuPUua,G,90146,휴면해제,instinctus1,0acfe670-1571-4a3e-9a83-2589a1c378ec,23-03-07 01:13:42,https://cheremimaka.com/,1,ikeforce,T,,
csNzt4YBonVb0d_pzvOT,G,90146,휴면해제,instinctus1,e8a0b93f-b8f7-45f4-9d7f-05c8430e146d,23-03-07 00:04:25,https://cheremimaka.com/,1,lsc9921,T,,
rMBgt4YBonVb0d_pysJN,G,90146,휴면해제,instinctus1,9d4c6040-4655-45c1-850a-180c2a130111,23-03-06 23:43:38,https://cheremimaka.com/,1,alstjr0201,T,,
9tJNt4YByqcTYyeENJmX,G,90146,휴면해제,instinctus1,d5f6b156-e24c-4464-b71c-fad235a460c5,23-03-06 23:22:15,https://cheremimaka.com/,1,2062459553@k,T,,
TNJHt4YBp0JdrY88rDLI,G,90146,휴면해제,instinctus1,0182f4a7-565d-47c5-a066-ee72ab239640,23-03-06 23:16:12,https://cheremimaka.com/,1,2111140160@k,T,,
4rIPt4YBonVb0d_p3nRB,G,90147,탈퇴,instinctus1,ab2b9ce2-e4db-4bd5-9083-a85c28ab69f6,23-03-06 22:15:15,https://cheremimaka.com/,1,adlayloe,T,,
5SbTtoYB_9fFJ2LuinOy,G,90146,휴면해제,instinctus1,ad2e50c4-c4be-4890-bc42-83a9da6953db,23-03-06 21:09:21,https://cheremimaka.com/,1,goddns3678,T,,
2CDFtoYBdKH2J-nnuYem,G,90146,휴면해제,instinctus1,76608816-9250-4339-ac4f-a0af143cfcf6,23-03-06 20:54:16,https://cheremimaka.com/,1,73387270@n,T,,
uAYotoYB_9fFJ2Lu5_2L,G,90146,휴면해제,instinctus1,75540f89-96b2-4644-8e0d-3a485677a6cf,23-03-06 18:02:59,https://cheremimaka.com/,1,1954541376@k,T,,
HQUhtoYB_9fFJ2LuTWen,G,90146,휴면해제,instinctus1,c2b731c9-d33c-4b99-8099-9c84c9803982,23-03-06 17:54:40,https://cheremimaka.com/,1,thkim0415,T,,
PWeetYYBonVb0d_p0mqv,G,90146,휴면해제,instinctus1,1820b2ec-4c28-44d7-8743-e111787760d3,23-03-06 15:32:09,https://cheremimaka.com/,1,ysj6608,T,,
DnSZtYYBp0JdrY88xrwP,G,90146,휴면해제,instinctus1,d44c52cd-b458-4f61-8a06-db5c31f047ee,23-03-06 15:26:38,https://cheremimaka.com/,1,abc1398,T,,
4V5AtYYBp0JdrY88kibg,G,90146,휴면해제,instinctus1,102e0ce8-e193-4ec3-b254-13f441c07bff,23-03-06 13:49:13,https://cheremimaka.com/,1,syberith,T,,
IEXatIYBp0JdrY88vcHP,G,90146,휴면해제,instinctus1,9790983c-11a0-48c9-a074-67f29293ba63,23-03-06 11:57:59,https://cheremimaka.com/,1,46143791@n,T,,
2qKEtIYB_9fFJ2Lu6GNP,G,90146,휴면해제,instinctus1,6d475ccc-9fad-482f-86b3-3dc48febac27,23-03-06 10:24:14,https://cheremimaka.com/,1,mkw6845,T,,
DAFDs4YBp0JdrY880VSG,G,90146,휴면해제,instinctus1,26c3c06c-0fe7-4c2b-b767-628c720c39b7,23-03-06 04:33:31,https://cheremimaka.com/,1,59320663@n,T,,
zvbNsoYBonVb0d_pWVSc,G,90146,휴면해제,instinctus1,da6b7c7a-5f96-4278-a3d2-be248682c6ac,23-03-06 02:24:07,https://cheremimaka.com/,1,ttlsky1200,T,,
K_e7soYBp0JdrY88R6FV,G,90146,휴면해제,instinctus1,17d77d7a-731e-4cc9-8fc9-e85d8d1f1bcf,23-03-06 02:04:23,https://cheremimaka.com/,1,luvthemoon,T,,
7wehsoYByqcTYyeEq3wB,G,90146,휴면해제,instinctus1,f5635f09-4c86-4629-8d49-410bdbebc7b7,23-03-06 01:36:24,https://cheremimaka.com/,1,haroo004,T,,
RPGTsoYBonVb0d_pK2UO,G,90146,휴면해제,instinctus1,e43c354c-0bf5-42a1-9ed8-884c7851999e,23-03-06 01:20:34,https://cheremimaka.com/,1,meetsun,T,,
hmdKsoYB_9fFJ2Luy64U,G,90146,휴면해제,instinctus1,1d93b767-b4eb-44c0-b4ac-52b24b9b7e9c,23-03-06 00:01:31,https://cheremimaka.com/,1,dragonsunny,T,,
2OdHsoYBonVb0d_pxJ2k,G,90146,휴면해제,instinctus1,bb139e89-f74a-48c8-ada2-e1d565689505,23-03-05 23:58:12,https://cheremimaka.com/,1,jaehun0630,T,,
3-dGsoYBp0JdrY88kvuX,G,90146,휴면해제,instinctus1,4b92559f-943f-4f46-8150-def260d66caa,23-03-05 23:56:54,https://cheremimaka.com/,1,lee88419,T,,
r-Y9soYBonVb0d_pYCuO,G,90146,휴면해제,instinctus1,ee3a6282-288a-47ea-8aff-3f62140601f9,23-03-05 23:46:51,https://cheremimaka.com/,1,rjs201021,T,,
rOY6soYBp0JdrY88bgc5,G,90146,휴면해제,instinctus1,87dd8b7e-b081-4bb3-aa8c-bc6382d979d6,23-03-05 23:43:38,https://cheremimaka.com/,1,54738250@n,T,,
ZuIosoYBonVb0d_pWM5h,G,90146,휴면해제,instinctus1,70fae9bf-0069-4585-b019-d68bfaa65d9a,23-03-05 23:23:53,https://cheremimaka.com/,1,lshlsh1804,T,,
UF4hsoYBdKH2J-nntlON,G,90146,휴면해제,instinctus1,646846ff-5166-448e-be09-ea9e93b6a2da,23-03-05 23:16:38,https://cheremimaka.com/,1,mincl,T,,
s98TsoYBonVb0d_pVW01,G,90146,휴면해제,instinctus1,ecd6da8c-e01e-4b27-a908-4bdfbb5fa407,23-03-05 23:00:56,https://cheremimaka.com/,1,42256149@n,T,,
mt8TsoYBp0JdrY88PRoL,G,90146,휴면해제,instinctus1,44e8e61f-f60e-455d-96de-e5a2761a49db,23-03-05 23:00:50,https://cheremimaka.com/,1,nico0118,T,,
_VbksYYB_9fFJ2Lu5KoI,G,90146,휴면해제,instinctus1,e95e4c21-1cca-46a3-a6a7-d5d6d91ab03e,23-03-05 22:10:12,https://cheremimaka.com/,1,wlgus9957,T,,
Gk2qsYYB_9fFJ2LuvA6y,G,90146,휴면해제,instinctus1,db9583b1-575b-4330-8a38-26f62669f746,23-03-05 21:06:41,https://cheremimaka.com/,1,1911227773@k,T,,
xj5hsYYBdKH2J-nnbM8b,G,90146,휴면해제,instinctus1,cef8be76-ff66-42d0-90b1-6737ed4d4857,23-03-05 19:46:36,https://cheremimaka.com/,1,tiger8788,T,,
Nzk8sYYBdKH2J-nntu0K,G,90146,휴면해제,instinctus1,f349247c-ab58-4c6a-a415-48e961790ec7,23-03-05 19:06:31,https://cheremimaka.com/,1,1977616912@k,T,,
5Dw5sYYB_9fFJ2Lu8KDu,G,90146,휴면해제,instinctus1,1fbd9545-093a-4d5b-bc94-b7c4a09c3b34,23-03-05 19:03:29,https://cheremimaka.com/,1,48807421@n,T,,
WrkfsYYBonVb0d_pJ6CI,G,90146,휴면해제,instinctus1,33c7ec2f-cb0a-458b-9237-36ad01675125,23-03-05 18:34:14,https://cheremimaka.com/,1,iii654,T,,
w8LFsIYByqcTYyeE55qg,G,90146,휴면해제,instinctus1,09a84df1-6f38-43a1-957d-44e932385fd9,23-03-05 16:56:45,https://cheremimaka.com/,1,2035006716@k,T,,
iqKesIYBp0JdrY88wYWF,G,90146,휴면해제,instinctus1,b4344f91-926a-4398-960a-f72224cba03f,23-03-05 16:13:59,https://cheremimaka.com/,1,brainfigo,T,,
hbNMsIYByqcTYyeEWemO,G,90146,휴면해제,instinctus1,a17e49ba-0d18-412d-bb0d-31d6fab270f2,23-03-05 14:43:58,https://cheremimaka.com/,1,lhy9757,T,,
cQmzr4YBdKH2J-nnMS1h,G,90146,휴면해제,instinctus1,ed09b2ea-21f4-44f3-8435-519bfe7b6753,23-03-05 11:56:41,https://cheremimaka.com/,1,mk103201,T,,
6QBrr4YBdKH2J-nn-taA,G,90147,탈퇴,instinctus1,2655733d-2726-4199-abd0-3cb3e79caad4,23-03-05 10:38:54,https://cheremimaka.com/,1,10457767@n,T,,
K3snr4YBonVb0d_pZ9Kc,G,90146,휴면해제,instinctus1,8d52bda1-93f0-4a31-af7c-6b7885729788,23-03-05 09:24:00,https://cheremimaka.com/,1,ki5825,T,,
Gvsjr4YB_9fFJ2Lu5ROZ,G,90146,휴면해제,instinctus1,3f898bfe-ecf4-4be5-99f0-01a9b591e2bb,23-03-05 09:20:10,https://cheremimaka.com/,1,2017940046@k,T,,
_Y8dr4YByqcTYyeE3o_C,G,90146,휴면해제,instinctus1,3d85ed02-ff2f-4497-91d9-38eb2c3c790e,23-03-05 09:13:35,https://cheremimaka.com/,1,2024326017@k,T,,
z_bvroYB_9fFJ2LuIVTd,G,90146,휴면해제,instinctus1,0721ed77-7b4a-4756-a21f-f0949e5f0eab,23-03-05 08:22:32,https://cheremimaka.com/,1,myungsic7,T,,
x-bsrYYB_9fFJ2LuY7kS,G,90146,휴면해제,instinctus1,2ac9b390-e5bf-4e7e-a269-504117102e46,23-03-05 03:39:55,https://cheremimaka.com/,1,gksqlc1004,T,,
Z2XLrYYBonVb0d_pQgTH,G,90146,휴면해제,instinctus1,595603df-32f8-4ebd-9946-8e2753400970,23-03-05 03:03:44,https://cheremimaka.com/,1,hsr456,T,,
BXnIrYYByqcTYyeEjXdn,G,90146,휴면해제,instinctus1,f66191d4-4757-415d-9e0b-c5d0367aad04,23-03-05 03:00:46,https://cheremimaka.com/,1,kanggiyun121,T,,
hNAVrYYBdKH2J-nnHDux,G,90146,휴면해제,instinctus1,f6951361-ea0d-4f43-a938-be617edbe81a,23-03-04 23:44:47,https://cheremimaka.com/,1,zghiop103,T,,
0M3_rIYBdKH2J-nntIBL,G,90146,휴면해제,instinctus1,df54f300-6c05-4bdd-ad0e-e3d92f1a322c,23-03-04 23:21:24,https://cheremimaka.com/,1,tree334,T,,
i0_2rIYBonVb0d_pc9T3,G,90146,휴면해제,instinctus1,b13b87f8-4fca-4987-9841-92df45f40acd,23-03-04 23:11:17,https://cheremimaka.com/,1,trans94,T,,
rsrrrIYBdKH2J-nnQ8up,G,90146,휴면해제,instinctus1,2d8b871c-d8d4-475d-9ee9-1677c3278360,23-03-04 22:59:04,https://cheremimaka.com/,1,ghhg8989,T,,
w8CMrIYB_9fFJ2Lub9_t,G,90146,휴면해제,instinctus1,fec850ec-dc9a-4d73-9f33-3873a5e2454b,23-03-04 21:15:29,https://cheremimaka.com/,1,song0624,T,,
DzQlrIYBonVb0d_p7f5I,G,90146,휴면해제,instinctus1,348ec3b2-4a3b-4e79-ab1a-2660f22ee8c0,23-03-04 19:23:31,https://cheremimaka.com/,1,27144471@n,T,,
pBHpq4YBp0JdrY88fr55,G,90146,휴면해제,instinctus1,3a7c10e1-c471-4ee8-af20-c7bcbd5d0d70,23-03-04 18:17:31,https://cheremimaka.com/,1,rising0ssun,T,,
-RDdq4YBp0JdrY88gzpb,G,90146,휴면해제,instinctus1,5956d033-9518-4731-a485-97c1c95f4952,23-03-04 18:04:26,https://cheremimaka.com/,1,halo8218,T,,
SDFQq4YByqcTYyeEnBJv,G,90146,휴면해제,instinctus1,a6adb847-b082-4f37-9422-2e42c88fb04a,23-03-04 15:30:31,https://cheremimaka.com/,1,1922212970@k,T,,
8Zcrq4YB_9fFJ2Luf2vD,G,90146,휴면해제,instinctus1,ef40f687-4715-4434-b9d5-6cd06038ba2f,23-03-04 14:49:59,https://cheremimaka.com/,1,jaeun0405,T,,
ZfYfq4YBp0JdrY88KB8D,G,90146,휴면해제,instinctus1,90278c14-fe2f-4e21-9cd6-2e5d5e92d19c,23-03-04 14:36:30,https://cheremimaka.com/,1,mk5765,T,,
KPMNq4YBp0JdrY88o8jc,G,90146,휴면해제,instinctus1,b8db7b3b-60a3-4bec-9a91-5ecfacf52206,23-03-04 14:17:22,https://cheremimaka.com/,1,gnsdldbql,T,,
_CgKq4YByqcTYyeEN5KA,G,90146,휴면해제,instinctus1,9276dad6-2d64-4b55-860d-1f286a4dea22,23-03-04 14:13:38,https://cheremimaka.com/,1,stoomzzang,T,,
On96qoYBdKH2J-nnUbKd,G,90146,휴면해제,instinctus1,0d734d20-bc76-401a-a909-81590edf7516,23-03-04 11:36:28,https://cheremimaka.com/,1,1997850404@k,T,,
PtY0qoYBp0JdrY88rhKF,G,90146,휴면해제,instinctus1,77dc326d-e6a6-43ed-987e-bab947447a5c,23-03-04 10:20:24,https://cheremimaka.com/,1,yjh1584,T,,
yHMAqoYB_9fFJ2LuyHbc,G,90146,휴면해제,instinctus1,5a4c7aa3-f762-4c05-ba12-7f30f65de9ee,23-03-04 09:23:43,https://cheremimaka.com/,1,dms313257,T,,
Bm_YqYYB_9fFJ2LuV1Ar,G,90146,휴면해제,instinctus1,91ca24f6-bc42-40aa-badf-6c962b9b24a7,23-03-04 08:39:32,https://cheremimaka.com/,1,heeheum,T,,
tca2qYYBp0JdrY88sTNw,G,90146,휴면해제,instinctus1,795b04b1-74d0-4783-95ff-6542d9baef9e,23-03-04 08:02:47,https://cheremimaka.com/,1,gnlffn,T,,
yuqUqYYBonVb0d_p7Hdg,G,90146,휴면해제,instinctus1,b52099c3-9e54-4566-91de-93b998b364c4,23-03-04 07:25:54,https://cheremimaka.com/,1,khgthe,T,,
3ZGpp4YBp0JdrY88NXcB,G,90146,휴면해제,instinctus1,0a118b87-4a7f-457a-832b-6d94e1c78911,23-03-03 22:28:49,https://cheremimaka.com/,1,1717251631@k,T,,
2juGp4YB_9fFJ2LudrUp,G,90146,휴면해제,instinctus1,3b279b19-3563-4bce-9efc-24014a932cb6,23-03-03 21:50:52,https://cheremimaka.com/,1,ron21,T,,
w4dmp4YBp0JdrY88tvsH,G,90146,휴면해제,instinctus1,a28791d0-7ab0-4478-a7c6-25b4a41d061e,23-03-03 21:16:11,https://cheremimaka.com/,1,2055952396@k,T,,
fb_8poYByqcTYyeEgqVx,G,90146,휴면해제,instinctus1,918ceacf-2676-4d28-9380-b8daf92b667f,23-03-03 19:20:11,https://cheremimaka.com/,1,sgh625,T,,
qh6wpoYB_9fFJ2LuTH6v,G,90146,휴면해제,instinctus1,a4bcf6dc-6e04-4aae-ac08-afa1857d8da8,23-03-03 17:56:56,https://cheremimaka.com/,1,2099366264@k,T,,
y6h9poYByqcTYyeEOP6i,G,90146,휴면해제,instinctus1,b6edf7c8-c726-4ffb-bd74-dc4ffbdc4c8e,23-03-03 17:01:09,https://cheremimaka.com/,1,rlagustn528,T,,
_AY_poYB_9fFJ2LuvgYA,G,90146,휴면해제,instinctus1,76dc9e74-8fc2-43b2-8656-e94c22926ab4,23-03-03 15:54:00,https://cheremimaka.com/,1,1636138116@k,T,,
ey2dpYYBp0JdrY88AmXy,G,90146,휴면해제,instinctus1,0ec3ea73-b29b-4298-b629-5b586dd4e74b,23-03-03 12:56:15,https://cheremimaka.com/,1,midfight,T,,
snWBpYYByqcTYyeEuCon,G,90146,휴면해제,instinctus1,1fba0b8a-c479-4b88-8998-1347d6d7c55b,23-03-03 12:26:26,https://cheremimaka.com/,1,hjs1317,T,,
IVA7pYYBonVb0d_pG9RX,G,90146,휴면해제,instinctus1,551246b3-930e-4772-ac14-a89ddf6b73d8,23-03-03 11:09:19,https://cheremimaka.com/,1,1845066439@k,T,,
PlwXpYYByqcTYyeEAmGJ,G,90146,휴면해제,instinctus1,45001418-b450-430d-ab26-4d130d73464b,23-03-03 10:29:53,https://cheremimaka.com/,1,49772851@n,T,,
RAsOpYYBp0JdrY88AxLG,G,90146,휴면해제,instinctus1,c4b0e811-55f4-4273-896a-e28081b6a0a4,23-03-03 10:20:04,https://cheremimaka.com/,1,fuge107,T,,
ZBP7ooYBonVb0d_plYkk,G,90146,휴면해제,instinctus1,8804aa05-d53d-4e73-b51e-fa868ad05f8e,23-03-03 00:40:41,https://cheremimaka.com/,1,60828969@n,T,,
dwSWooYBonVb0d_pGavx,G,90146,휴면해제,instinctus1,e689eb40-0b4f-4473-a688-6e0e6870c78b,23-03-02 22:49:51,https://cheremimaka.com/,1,64215926@n,T,,
vv1sooYBonVb0d_pS-Lt,G,90146,휴면해제,instinctus1,d25b4e6d-30ed-4845-9526-164cef7440d3,23-03-02 22:04:11,https://cheremimaka.com/,1,rlaehdtjq101,T,,
-P1oooYBonVb0d_p-FZE,G,90146,휴면해제,instinctus1,4fdf9092-9626-41e1-af1f-edbee5c71ba4,23-03-02 22:00:33,https://cheremimaka.com/,1,zzcc20,T,,
rnxnooYB_9fFJ2LugIp8,G,90146,휴면해제,instinctus1,9ec56d26-ebf6-498c-97cf-512651d7ffd5,23-03-02 21:58:57,https://cheremimaka.com/,1,charaeng,T,,
Kg5RooYByqcTYyeErmDH,G,90146,휴면해제,instinctus1,6924284a-61d2-4e9e-aaf5-0146852855c0,23-03-02 21:35:07,https://cheremimaka.com/,1,khn6525,T,,
9PY_ooYBonVb0d_pjNQv,G,90146,휴면해제,instinctus1,6a8160ca-dae8-4295-aaee-eb4556603d37,23-03-02 21:15:18,https://cheremimaka.com/,1,dls6768,T,,
6agSooYBp0JdrY8814MR,G,90146,휴면해제,instinctus1,74f595a4-206a-4ffb-997b-b59764b80a4b,23-03-02 20:26:28,https://cheremimaka.com/,1,1609482604@k,T,,
GleSoYYBdKH2J-nnJKXD,G,90146,휴면해제,instinctus1,cdd1596a-f697-416e-bf6c-88fa01856d20,23-03-02 18:05:54,https://cheremimaka.com/,1,ghksrms0883,T,,
dE9uoYYBdKH2J-nnRKZ-,G,90146,휴면해제,instinctus1,5ffb565b-558b-4af2-8e6e-43229d6bc2d8,23-03-02 17:26:43,https://cheremimaka.com/,1,snyng87,T,,
KlFpoYYB_9fFJ2LubYeQ,G,90146,휴면해제,instinctus1,21630bf4-3f97-4f00-8296-3ba815bd843a,23-03-02 17:21:26,https://cheremimaka.com/,1,tmdgml1627,T,,
d8g9oYYBonVb0d_pxZbn,G,90146,휴면해제,instinctus1,da9cd4f6-8153-4df8-9fc9-13a4d5139712,23-03-02 16:33:45,https://cheremimaka.com/,1,51286827@n,T,,
j878oIYByqcTYyeEkxwP,G,90146,휴면해제,instinctus1,4e00f579-d2c0-43f3-bb3c-9a55e7cecd7d,23-03-02 15:22:32,https://cheremimaka.com/,1,ttakjee0705,T,,
vDPvoIYBdKH2J-nn9wdC,G,90146,휴면해제,instinctus1,70950cad-bd06-4b06-945a-b09adfdb4ec8,23-03-02 15:08:46,https://cheremimaka.com/,1,72551042@n,T,,
ZrHZoIYBonVb0d_p9hRc,G,90147,탈퇴,instinctus1,00f5b3e7-e231-4efd-bb34-9bb3312b4076,23-03-02 14:44:44,https://cheremimaka.com/,1,taeseun0620,T,,
JwY0oIYBdKH2J-nn4-yW,G,90146,휴면해제,instinctus1,95f1f844-ed6b-467c-9f25-c893f1356d53,23-03-02 11:44:25,https://cheremimaka.com/,1,hdem,T,,
leWzn4YBdKH2J-nnfAHD,G,90146,휴면해제,instinctus1,b9c8616c-3457-4753-8531-62080413da57,23-03-02 09:23:05,https://cheremimaka.com/,1,hyeongoon,T,,
8Basn4YBp0JdrY88yjxa,G,90146,휴면해제,instinctus1,1693ab32-c778-49de-8ec8-771c092e6ee0,23-03-02 09:15:46,https://cheremimaka.com/,1,joda3,T,,
veCBn4YB_9fFJ2LunSU-,G,90146,휴면해제,instinctus1,85c6f0df-c53a-4673-82c6-a4ba6e1686e2,23-03-02 08:28:36,https://cheremimaka.com/,1,jojehyeon1995,T,,
vkkznoYBonVb0d_pCS0L,G,90146,휴면해제,instinctus1,22272d6c-d7ba-4700-afdc-a21d7970e0fa,23-03-02 02:23:09,https://cheremimaka.com/,1,stxwtexa,T,,
zcQDnoYB_9fFJ2LuKaSx,G,90146,휴면해제,instinctus1,930cd32c-4655-4ebb-a276-27526c119b9d,23-03-02 01:30:52,https://cheremimaka.com/,1,2091624706@k,T,,
Y7_vnYYBdKH2J-nnPlgp,G,90146,휴면해제,instinctus1,a07abd82-8a4c-41fc-a50b-56010940d016,23-03-02 01:09:07,https://cheremimaka.com/,1,moonjabong16,T,,
-L_unYYBdKH2J-nnjEBQ,G,90146,휴면해제,instinctus1,b5521129-33e1-453d-9b4b-612427430d19,23-03-02 01:08:21,https://cheremimaka.com/,1,genius9915,T,,
0FXenYYByqcTYyeEj78N,G,90146,휴면해제,instinctus1,692f2f63-6980-4b19-b0c8-a922b1e61397,23-03-02 00:50:53,https://cheremimaka.com/,1,12138685@n,T,,
Fz7NnYYBonVb0d_pk6Iq,G,90146,휴면해제,instinctus1,aaf9f091-f84c-419e-92d9-e810bab2c28b,23-03-02 00:32:20,https://cheremimaka.com/,1,jieun6203,T,,
KLWmnYYBdKH2J-nnGSgO,G,90146,휴면해제,instinctus1,f920d446-33ee-4735-a55e-cc4f2242e00f,23-03-01 23:49:13,https://cheremimaka.com/,1,audwls1073,T,,
-7eenYYB_9fFJ2Ludg9p,G,90146,휴면해제,instinctus1,ce9d4e9f-698f-4ff5-bb56-7fd955880940,23-03-01 23:40:53,https://cheremimaka.com/,1,hyhy1016,T,,
6apjnYYBdKH2J-nnMUKR,G,90146,휴면해제,instinctus1,8a815443-1720-4559-9b44-63d6f966075c,23-03-01 22:36:08,https://cheremimaka.com/,1,2043442682@k,T,,
MS1hnYYBonVb0d_p22Nu,G,90146,휴면해제,instinctus1,315952df-40ee-4fb5-a11e-e09a0c899464,23-03-01 22:34:41,https://cheremimaka.com/,1,1557605848@k,T,,
gqxfnYYB_9fFJ2Lu8Ibb,G,90146,휴면해제,instinctus1,1b459cff-b408-4e48-b414-6d1afce582a5,23-03-01 22:32:35,https://cheremimaka.com/,1,moleboss,T,,
ac5PnYYBp0JdrY88t-jG,G,90146,휴면해제,instinctus1,a0cb95d9-1609-40e0-b0a3-11c9a152e110,23-03-01 22:14:52,https://cheremimaka.com/,1,vgb4773,T,,
tqQznYYB_9fFJ2LuCjLn,G,90147,탈퇴,instinctus1,79cc7bb0-47df-458f-9916-bc95815d1027,23-03-01 21:43:33,https://cheremimaka.com/,1,gcm2819,T,,
giIknYYBonVb0d_pPBRr,G,90146,휴면해제,instinctus1,0bc5b1c9-36eb-4d84-a4e6-fd1f1938af19,23-03-01 21:27:22,https://cheremimaka.com/,1,wojua,T,,
d8MTnYYBp0JdrY88ES8W,G,90146,휴면해제,instinctus1,17d6a7f0-d137-4842-9d13-46acba39ff3f,23-03-01 21:08:37,https://cheremimaka.com/,1,jidgo,T,,
OhnunIYBonVb0d_pIDsU,G,90146,휴면해제,instinctus1,c53a2b6f-f36f-4a92-a253-573f2a184700,23-03-01 20:28:16,https://cheremimaka.com/,1,taylor0103,T,,
wSKfnIYByqcTYyeE2Rpf,G,90146,휴면해제,instinctus1,6ce4a0b6-e923-4fae-8a86-579531076797,23-03-01 19:02:46,https://cheremimaka.com/,1,tomi,T,,
NB-RnIYByqcTYyeETs5h,G,90146,휴면해제,instinctus1,04477820-55d5-4309-80ef-62d04f12977f,23-03-01 18:46:53,https://cheremimaka.com/,1,1853132091@k,T,,
FYFVnIYB_9fFJ2LuXbhl,G,90146,휴면해제,instinctus1,cb06fc56-9faa-4e2e-b077-4940618f82b7,23-03-01 17:41:25,https://cheremimaka.com/,1,poooh,T,,
2vLom4YBonVb0d_p0jSd,G,90146,휴면해제,instinctus1,0ef23d43-79e2-4076-973d-c6616d0b995b,23-03-01 15:42:51,https://cheremimaka.com/,1,2056349268@k,T,,
C_-2m4YByqcTYyeEkrgs,G,90146,휴면해제,instinctus1,2ba0c92a-ad5e-4f94-a795-0ec4f8f49e7c,23-03-01 14:47:58,https://cheremimaka.com/,1,kangvelyh,T,,
w-aam4YBonVb0d_pKq2D,G,90146,휴면해제,instinctus1,7906283e-e636-438e-aba2-8fe25f109cb8,23-03-01 14:16:56,https://cheremimaka.com/,1,miracle5542,T,,
h4SYm4YBp0JdrY88Nx8j,G,90146,휴면해제,instinctus1,28a3fa77-9ed1-4126-8a8f-137452374837,23-03-01 14:14:49,https://cheremimaka.com/,1,ush4321,T,,
YV1Zm4YB_9fFJ2Luf0QP,G,90146,휴면해제,instinctus1,adff752e-0132-4abb-8aa3-3a8544c55718,23-03-01 13:06:18,https://cheremimaka.com/,1,xodn9354,T,,
PdtOm4YBonVb0d_pKMQl,G,90146,휴면해제,instinctus1,2dfb585b-2f0d-4888-bc11-880bdb21039c,23-03-01 12:53:55,https://cheremimaka.com/,1,rlaxodn9354,T,,
o9cum4YBonVb0d_puSu-,G,90146,휴면해제,instinctus1,d956a324-9334-4054-8b31-cd9729ac3809,23-03-01 12:19:35,https://cheremimaka.com/,1,njh9432,T,,
gsjNmoYBonVb0d_poOFX,G,90146,휴면해제,instinctus1,53b324a8-e9b7-4b5b-ba35-6d3470e31b16,23-03-01 10:33:32,https://cheremimaka.com/,1,tkddn2624,T,,
bxzXmIYB_9fFJ2Luiw9Y,G,90146,휴면해제,instinctus1,cae73b98-699e-409b-a6ea-9c600f155bf0,23-03-01 01:25:07,https://cheremimaka.com/,1,tndus1479,T,,
TCammIYBp0JdrY88BPOa,G,90146,휴면해제,instinctus1,2d1d688d-495f-4987-b3f3-1741ba32893c,23-03-01 00:31:01,https://cheremimaka.com/,1,dltndnddico,T,,
iRCYmIYBdKH2J-nnxm1k,G,90146,휴면해제,instinctus1,2ce160eb-972a-43b3-999e-24b0e66e7fc7,23-03-01 00:16:34,https://cheremimaka.com/,1,fbdktjd7,T,,
dJ9bmIYByqcTYyeEX17g,G,90146,휴면해제,instinctus1,96b55667-a3b4-43af-86cd-770113e05de8,23-02-28 23:09:30,https://cheremimaka.com/,1,id2357,T,,
egZWmIYBdKH2J-nnYSvy,G,90146,휴면해제,instinctus1,61dc9097-cd5f-4b5f-9496-49b43ce253db,23-02-28 23:04:03,https://cheremimaka.com/,1,22980380@n,T,,
awnzl4YBp0JdrY88KRP2,G,90146,휴면해제,instinctus1,04084fe4-aae4-476e-acf0-a09d0aa13d2a,23-02-28 21:15:40,https://cheremimaka.com/,1,1924328137@k,T,,
RO2Yl4YB_9fFJ2LuQRdq,G,90146,휴면해제,instinctus1,d73c29f0-cac1-4f27-9759-821eb5a2fea2,23-02-28 19:36:22,https://cheremimaka.com/,1,je0998,T,,
1C5dloYBonVb0d_px3eV,G,90146,휴면해제,instinctus1,060f6dd9-34ba-405e-9b2e-132cd3fae3f2,23-02-28 13:52:53,https://cheremimaka.com/,1,ejdk456,T,,
Y0FSloYByqcTYyeE-VbJ,G,90146,휴면해제,instinctus1,c67a2d98-4d48-4490-b582-731149762d2c,23-02-28 13:41:05,https://cheremimaka.com/,1,2028576705@k,T,,
cQiolYYBonVb0d_phHxG,G,90146,휴면해제,instinctus1,573bae43-cebe-4820-a4e9-8212cbf9b616,23-02-28 10:34:54,https://cheremimaka.com/,1,kool3474,T,,
yoOElYYBp0JdrY8864gP,G,90146,휴면해제,instinctus1,16cea168-b066-4b93-b2c3-5798ecf99c35,23-02-28 09:56:01,https://cheremimaka.com/,1,jongsukim12,T,,
uu8clYYBonVb0d_pRuCR,G,90146,휴면해제,instinctus1,dcffd57e-391b-45ce-aa6f-2def4a7c5f29,23-02-28 08:01:43,https://cheremimaka.com/,1,limssu,T,,
nF0tlIYBp0JdrY88ttMQ,G,90146,휴면해제,instinctus1,70a0adea-5e19-4e90-b2f7-5e9a03917d8c,23-02-28 03:41:08,https://cheremimaka.com/,1,hbh4126,T,,
WNGDk4YBonVb0d_pOUTB,G,90147,탈퇴,instinctus1,f460c4ec-8f10-4c72-8e41-c70b350b3a20,23-02-28 00:34:56,https://cheremimaka.com/,1,erin0421,T,,
